TR:UACC812:CellLine,TR:Serum:Stimuli,TR:PBS:Stimuli,TR:EGF:Stimuli,TR:Insulin:Stimuli,TR:FGF1:Stimuli,TR:HGF:Stimuli,TR:NRG1:Stimuli,TR:IGF1:Stimuli,DA:ALL,DV:4EBP1_pS65,DV:4EBP1_pT37_pT46,DV:ACC_pS79,DV:AKT_pS473,DV:AKT_pT308,DV:AMPK_pT172,DV:BAD_pS112,DV:c-Met_pY1235,DV:c-Raf_pS338,DV:CHK1_pS345,DV:CHK2_pT68,DV:EGFR_pY1068,DV:EGFR_pY1173,DV:ER-alpha_pS118,DV:GSK3-alpha-beta_pS21_S9,DV:GSK3-alpha-beta_pS9,DV:HER2_pY1248,DV:HER3_pY1298,DV:JNK_pT183_pT185,DV:MAPK_pT202_Y204,DV:MEK1_pS217_S221,DV:mTOR_pS2448,DV:NDRG1_pT346,DV:NF-kB-p65_pS536,DV:p27_pT157,DV:p27_pT198,DV:p38_pT180_Y182,DV:p70S6K_pT389,DV:p90RSK_pT359_S363,DV:PDK1_pS241,DV:PEA15_pS116,DV:PKC-alpha_pS657,DV:PKC-delta_pS664,DV:PKC-pan-betaII_pS660,DV:PRAS40_pT246,DV:Rb_pS807_S811,DV:Rictor_pT1135,DV:S6_pS235_S236,DV:S6_pS240_S244,DV:Src_pY416,DV:Src_pY527,DV:STAT3_pY705,DV:YAP_pS127,DV:YB-1_PS102
1,1,0,0,0,0,0,0,0,0,2.94510102369,4.23347453525,0.729568796063,2.99518351878,1.83903878847,4.10744744941,0.797830277719,0.613081871187,0.971425027062,0.787686628875,0.585253256281,NA,NA,1.22912153284,4.18214598591,2.49566076263,13.6572005461,2.10840002234,0.351492271656,0.714891245844,1.42638694572,1.47062852484,1.01270101309,1.41647041034,0.523623527656,1.08197483969,0.962840062406,2.39231649025,0.30017321875,2.80971256938,5.41971987347,0.207040169937,0.739148224437,2.05482653772,5.79430873159,5.21954284978,1.8702118155,5.87538438231,6.05717743491,2.40328266772,5.36859272988,0.286457280375,2.82483682091,0.642153344563
1,0,1,0,0,0,0,0,0,0,2.94510102369,4.23347453525,0.729568796063,2.99518351878,1.83903878847,4.10744744941,0.797830277719,0.613081871187,0.971425027062,0.787686628875,0.585253256281,NA,NA,1.22912153284,4.18214598591,2.49566076263,13.6572005461,2.10840002234,0.351492271656,0.714891245844,1.42638694572,1.47062852484,1.01270101309,1.41647041034,0.523623527656,1.08197483969,0.962840062406,2.39231649025,0.30017321875,2.80971256938,5.41971987347,0.207040169937,0.739148224437,2.05482653772,5.79430873159,5.21954284978,1.8702118155,5.87538438231,6.05717743491,2.40328266772,5.36859272988,0.286457280375,2.82483682091,0.642153344563
1,0,0,1,0,0,0,0,0,0,2.94510102369,4.23347453525,0.729568796063,2.99518351878,1.83903878847,4.10744744941,0.797830277719,0.613081871187,0.971425027062,0.787686628875,0.585253256281,NA,NA,1.22912153284,4.18214598591,2.49566076263,13.6572005461,2.10840002234,0.351492271656,0.714891245844,1.42638694572,1.47062852484,1.01270101309,1.41647041034,0.523623527656,1.08197483969,0.962840062406,2.39231649025,0.30017321875,2.80971256938,5.41971987347,0.207040169937,0.739148224437,2.05482653772,5.79430873159,5.21954284978,1.8702118155,5.87538438231,6.05717743491,2.40328266772,5.36859272988,0.286457280375,2.82483682091,0.642153344563
1,0,0,0,1,0,0,0,0,0,2.94510102369,4.23347453525,0.729568796063,2.99518351878,1.83903878847,4.10744744941,0.797830277719,0.613081871187,0.971425027062,0.787686628875,0.585253256281,NA,NA,1.22912153284,4.18214598591,2.49566076263,13.6572005461,2.10840002234,0.351492271656,0.714891245844,1.42638694572,1.47062852484,1.01270101309,1.41647041034,0.523623527656,1.08197483969,0.962840062406,2.39231649025,0.30017321875,2.80971256938,5.41971987347,0.207040169937,0.739148224437,2.05482653772,5.79430873159,5.21954284978,1.8702118155,5.87538438231,6.05717743491,2.40328266772,5.36859272988,0.286457280375,2.82483682091,0.642153344563
1,0,0,0,0,1,0,0,0,0,2.94510102369,4.23347453525,0.729568796063,2.99518351878,1.83903878847,4.10744744941,0.797830277719,0.613081871187,0.971425027062,0.787686628875,0.585253256281,NA,NA,1.22912153284,4.18214598591,2.49566076263,13.6572005461,2.10840002234,0.351492271656,0.714891245844,1.42638694572,1.47062852484,1.01270101309,1.41647041034,0.523623527656,1.08197483969,0.962840062406,2.39231649025,0.30017321875,2.80971256938,5.41971987347,0.207040169937,0.739148224437,2.05482653772,5.79430873159,5.21954284978,1.8702118155,5.87538438231,6.05717743491,2.40328266772,5.36859272988,0.286457280375,2.82483682091,0.642153344563
1,0,0,0,0,0,1,0,0,0,2.94510102369,4.23347453525,0.729568796063,2.99518351878,1.83903878847,4.10744744941,0.797830277719,0.613081871187,0.971425027062,0.787686628875,0.585253256281,NA,NA,1.22912153284,4.18214598591,2.49566076263,13.6572005461,2.10840002234,0.351492271656,0.714891245844,1.42638694572,1.47062852484,1.01270101309,1.41647041034,0.523623527656,1.08197483969,0.962840062406,2.39231649025,0.30017321875,2.80971256938,5.41971987347,0.207040169937,0.739148224437,2.05482653772,5.79430873159,5.21954284978,1.8702118155,5.87538438231,6.05717743491,2.40328266772,5.36859272988,0.286457280375,2.82483682091,0.642153344563
1,0,0,0,0,0,0,1,0,0,2.94510102369,4.23347453525,0.729568796063,2.99518351878,1.83903878847,4.10744744941,0.797830277719,0.613081871187,0.971425027062,0.787686628875,0.585253256281,NA,NA,1.22912153284,4.18214598591,2.49566076263,13.6572005461,2.10840002234,0.351492271656,0.714891245844,1.42638694572,1.47062852484,1.01270101309,1.41647041034,0.523623527656,1.08197483969,0.962840062406,2.39231649025,0.30017321875,2.80971256938,5.41971987347,0.207040169937,0.739148224437,2.05482653772,5.79430873159,5.21954284978,1.8702118155,5.87538438231,6.05717743491,2.40328266772,5.36859272988,0.286457280375,2.82483682091,0.642153344563
1,0,0,0,0,0,0,0,1,0,2.94510102369,4.23347453525,0.729568796063,2.99518351878,1.83903878847,4.10744744941,0.797830277719,0.613081871187,0.971425027062,0.787686628875,0.585253256281,NA,NA,1.22912153284,4.18214598591,2.49566076263,13.6572005461,2.10840002234,0.351492271656,0.714891245844,1.42638694572,1.47062852484,1.01270101309,1.41647041034,0.523623527656,1.08197483969,0.962840062406,2.39231649025,0.30017321875,2.80971256938,5.41971987347,0.207040169937,0.739148224437,2.05482653772,5.79430873159,5.21954284978,1.8702118155,5.87538438231,6.05717743491,2.40328266772,5.36859272988,0.286457280375,2.82483682091,0.642153344563
1,1,0,0,0,0,0,0,0,5,3.7065873756,4.95948480674,0.503804143029,2.83203831682,1.4417212657,3.84995542896,0.79515797265,0.588278494658,1.00340504871,0.698377145471,0.525420284519,NA,NA,1.31760688111,5.13709212675,2.89853951084,14.0115592542,2.16113243514,0.320807091148,1.30896400356,1.86936951317,1.84199585105,0.953499933429,1.70205233838,0.488215980443,0.953651311262,1.00090665421,3.07198216358,0.384985102477,3.29275980156,4.18276238955,0.197316785815,0.670678755814,2.82996274953,5.72914154694,6.36065687336,2.25263220584,6.98667350999,8.332781077,2.28145091566,6.53045359451,0.266226292158,2.70003026955,0.642602442765
1,0,1,0,0,0,0,0,0,5,3.14950899939,3.99366399021,0.554215439888,2.55459161519,1.46189322622,3.37926582516,0.77895912118,0.600098828609,0.979402868762,0.801876339268,0.543938403848,NA,NA,1.26106202063,3.86381675194,2.32390958109,13.9843804062,1.73499584711,0.331854245653,1.0654920666,1.60264057968,1.42691811031,0.989936442397,1.35399263712,0.507453657859,1.0054404852,0.91703846142,2.60569814453,0.369956651685,2.5674671256,8.06055722314,0.188126597607,0.747058645227,2.05417531364,5.09703900067,4.71014271936,1.72745022933,5.52505467088,6.75336138556,1.99174984145,4.30549169547,0.289896677582,2.40536896031,0.672387520975
1,0,0,1,0,0,0,0,0,5,2.7521501717,4.00453620282,0.637129993069,2.3610781282,1.21701443516,4.0873450023,0.87974826805,0.650536863462,1.04448431818,0.833815210997,0.6143358589,NA,NA,1.26565316306,3.92164082691,2.27312210226,7.59978896068,1.66401714502,0.364286541469,1.31019387813,2.19999922696,1.37470554289,1.06629801261,1.46627616783,0.562191522277,1.16034519461,0.887802891281,2.55564871452,0.415204172558,2.67626917346,2.80330458008,0.221448437173,0.772629315204,2.36799327795,5.85885086862,4.87706443418,1.86769834142,5.83159309738,4.94886928663,1.62590358046,4.97892147483,0.298556462771,2.62906282561,0.739494977724
1,0,0,0,1,0,0,0,0,5,2.88024066875,3.97199007767,0.635558825151,2.48634530713,1.3509744325,3.43837889918,0.846253332657,0.620112851019,1.13313256675,0.796630665525,0.585780535953,NA,NA,1.29016016329,3.93074433716,2.3286649323,11.2059422045,1.82219093782,0.365247243722,1.12919746172,2.00031034774,1.56626314257,1.0388985044,1.38783549254,0.501332345168,1.09451572718,0.881095698292,2.72462972017,0.370879458424,2.66451839106,4.41663125991,0.202805945114,0.752335277754,2.21953341677,5.67745571652,5.22227630458,1.92776755023,6.28860898653,7.2983425911,1.95197213773,5.03065849778,0.30924181764,2.34592127923,0.698411233478
1,0,0,0,0,1,0,0,0,5,2.76497668502,3.78527953239,0.656045458152,2.86080454782,1.40278368789,4.09417463151,0.817598863355,0.673746169717,1.17549003256,0.878639668077,0.620095393516,NA,NA,1.40017697723,4.08495727524,2.42613269866,8.19038840151,1.88610952987,0.355985091072,1.37220656146,2.10932438052,1.48904015715,1.09872744001,1.35863218253,0.561990652349,1.12979630547,0.923172781748,2.79119960169,0.386362952803,2.68514434122,5.56046009079,0.212090571661,0.761365158386,2.33125688793,5.78050771865,4.86613811763,1.94727447183,6.38846975822,5.75437712937,1.75614423508,4.63739930946,0.293836452686,2.68700460682,0.68064176293
1,0,0,0,0,0,1,0,0,5,2.8486095149,3.8707633657,0.55605736239,2.29847379157,1.16366722471,3.41846774355,0.791645454297,0.633585868827,0.933646286143,0.861183156447,0.575982704898,NA,NA,1.27911582309,3.87570209388,2.2148696021,10.4745101053,1.88807704171,0.36017289623,1.06700900207,1.5978610975,1.36296499663,0.96386169993,1.35668350088,0.558446638754,1.04194740712,0.971104746758,2.42737836952,0.375387703147,2.51214594112,9.51732340392,0.209699726832,0.755739442896,2.0234199097,5.52688525573,4.7933245921,1.62078712953,5.28330963377,6.00633093927,2.07037617856,4.6697735336,0.301432239232,2.3615335785,0.77217170314
1,0,0,0,0,0,0,1,0,5,3.18686046123,4.29921271318,0.653395271507,5.78323097534,2.58300043496,4.40791880073,0.819866362626,0.589839536556,1.03261317788,0.781386210519,0.587817639035,NA,NA,1.25885022573,4.95643432231,2.74403568225,8.65374889254,2.38988884852,0.350797678757,2.16578026376,3.48593779009,1.23955490583,1.22235119845,1.2835054676,0.536392853189,1.00192800454,1.01921345731,2.79126086235,0.430726298165,2.93130634604,8.37511001589,0.203853726712,0.754701859054,2.84326901704,6.87215786647,4.84448034025,1.70426109456,6.56963220233,5.82955972184,1.90939872428,4.88466138094,0.267414411137,2.74025922919,0.658987291994
1,0,0,0,0,0,0,0,1,5,2.86857532967,4.22127033871,0.631424592562,2.55849282919,1.28184633632,4.13072112312,0.83841135427,0.640958236477,1.06181144353,0.812423710769,0.596905277247,NA,NA,1.30838391483,3.89524571473,2.2721661063,7.81078542085,1.76118437375,0.335177767434,1.2193302158,1.95252909052,1.31563604468,1.08043537178,1.3781409556,0.601060060769,1.11592025167,0.878054986882,2.70661677731,0.422084794229,2.84414167181,8.2402521875,0.202900355876,0.744059928627,2.20740021205,6.02214258227,4.71328299278,1.62761113158,5.8503769104,6.71659395489,1.69487801728,4.7529433104,0.287212070854,2.79040018211,0.67705365662
1,1,0,0,0,0,0,0,0,15,2.63581899359,3.69385646212,0.589357663794,1.80693057499,1.11290131893,3.51942410164,0.850125893885,0.598824784866,0.924870957213,0.854718034076,0.590958346527,NA,NA,1.17007093728,3.43823944035,2.10960049263,12.9194375589,1.87964943592,0.388303772416,0.765957558355,1.08452670952,1.41304719651,0.776871575673,1.28152801083,0.57206249448,0.977966071283,1.02703372433,2.08012274708,0.443478367453,2.45613840752,8.56635336321,0.202633674784,0.792237101014,1.88239502515,4.69008669614,4.7692800541,1.60423776758,5.28809952114,4.66606884716,2.19892292418,4.06465798132,0.316424530279,2.26790885131,0.809143353471
1,0,1,0,0,0,0,0,0,15,2.69876022396,4.07407463631,0.639563421218,1.82533160023,1.11266061638,3.81875763329,0.831919223069,0.633610332564,0.97619276104,0.830161971416,0.624199760236,NA,NA,1.25692708478,3.38572312214,2.12597852504,13.355476964,1.78885271034,0.378045649986,0.472005076733,0.968493809504,1.41374283033,0.869542265307,1.24615195176,0.577344356584,1.02646781965,0.887607932546,2.33924439824,0.400146042389,2.57844983932,9.13613831963,0.216724469828,0.767111421787,1.91646820134,5.06006829678,4.98922483632,1.79205506899,5.90354619783,4.96195274248,2.34973814037,4.41896318215,0.321866521827,2.50676686746,0.794067988406
1,0,0,1,0,0,0,0,0,15,2.71867234818,3.97661436008,0.771613049976,1.85963346965,1.03212967061,4.13497871072,0.844310096584,0.627465910642,0.957079229903,0.857958003014,0.597312949463,NA,NA,1.20879686137,3.52086572675,2.12084139239,7.71426283775,1.7169658763,0.33958890726,0.78895204619,1.3912520487,1.62840521363,0.91130029191,1.30914449941,0.586932231039,1.00786252324,0.833037127666,2.42092488488,0.42424338201,2.69686855828,3.37532857013,0.2261528988,0.760833911309,2.28072492461,5.43884761283,5.60702449096,1.94563573482,7.35496705913,6.36488162438,1.7861321982,5.73110544926,0.285676059572,2.74077011062,0.645664283753
1,0,0,0,1,0,0,0,0,15,3.67452264841,5.87121248672,0.555483133118,2.21982411157,1.27126408282,4.34436672222,0.784511275051,0.571348606254,0.909148409581,0.775086332293,0.58882582138,NA,NA,1.25447564103,4.06849538675,2.05078526588,16.2283948906,1.80203063221,0.338975088661,0.396603773988,0.930722659942,1.31149756933,0.891282972508,1.20211853256,0.530129856074,1.09952077266,0.885266937622,2.82888033,0.358228505869,3.17769868384,10.6955421356,0.167411084173,0.716618037527,1.88731797455,7.39086824196,7.65420244595,1.75632859846,8.77347533825,7.42947144773,2.07009980448,5.93175577019,0.289037289215,3.32822736788,0.672180639606
1,0,0,0,0,1,0,0,0,15,2.4474829341,3.49982277924,0.752583775603,1.75309048354,1.07174354329,4.08967400905,0.887714830698,0.69838062567,1.10667128007,0.936913407854,0.598839335322,NA,NA,1.29888954643,3.52393437864,2.05248891383,7.63183287511,1.84703449316,0.360667313276,0.777779574915,1.42818203493,1.50595481939,0.996354353806,1.36492691027,0.573206997787,1.11172541876,0.880907800364,2.38022409664,0.411284863018,2.74627167664,3.65349563593,0.212882146108,0.79780501519,2.12886865486,4.96015191039,4.73234357577,1.9496427535,5.99266565499,6.08619555762,1.61674979472,4.55165467321,0.308907927,2.54302008283,0.686593792631
1,0,0,0,0,0,1,0,0,15,3.48621548835,4.75864684146,0.510349985576,1.63215624138,1.21542196199,3.48153729482,0.820465393149,0.55600209991,0.841227674365,0.785828373816,0.547278206979,NA,NA,1.14874173812,3.35750443497,2.09125778396,16.4948011348,1.91418156572,0.352575213754,0.385805316944,0.933566237286,0.971851267921,0.920750867707,1.20747668968,0.595001313302,1.07490341016,0.90511487181,2.72724280951,0.37494490407,2.82038045533,20.3961864921,0.167799981995,0.674675275507,1.63113800091,5.88180346754,5.4571542444,1.41814753739,6.42249854553,5.11904184046,2.29751257422,3.53377131916,0.299981349696,2.8401578575,0.825014870632
1,0,0,0,0,0,0,1,0,15,2.63909484789,3.4519466602,0.788424445975,6.59465504211,3.47043220237,4.00310155437,1.09968640246,0.646827522518,1.16722389431,0.845430782241,0.630375157272,NA,NA,1.33751084374,4.29337433392,2.80817744279,5.62006037521,2.36991061839,0.360452290864,1.93033633122,5.58717259393,1.64275182872,1.26657479046,1.30556062154,0.554740367689,1.08407896445,0.994545203039,2.64976080885,0.51217624664,2.59370837141,1.50685941343,0.210674718154,0.798999868082,3.05648182057,5.41364725554,4.17015812334,2.25844348787,5.22248315302,4.81586251557,1.55831913448,4.3832984041,0.292659144023,2.36823693708,0.728035482303
1,0,0,0,0,0,0,0,1,15,2.4807415798,3.63235461447,0.716614327927,1.93710806786,1.14140579724,3.89153837645,0.896469808368,0.629868576243,1.06035962006,0.871916558321,0.61122988482,NA,NA,1.2722340699,3.51380335529,2.17821128941,8.65143181947,1.86399020329,0.345267701874,0.644561291946,1.23242643388,1.62524544506,0.911271112418,1.36911956078,0.591347044761,1.16562615505,0.823787437678,2.5303415589,0.394853885189,2.8113404816,3.23711830737,0.231737793163,0.751266555931,2.19695753552,4.98014546249,5.59822267223,2.01333992379,6.10415571458,6.27743799411,1.8324937615,5.41859656207,0.305974889643,2.56725095635,0.688724879337
1,1,0,0,0,0,0,0,0,30,2.63418320144,3.86833409141,0.569325909331,2.46391480932,1.40674509733,3.42961039519,0.866485167087,0.61061221944,0.975427474214,0.840198026408,0.595486686533,NA,NA,1.16051463493,3.93809885116,2.30017861437,14.3046083553,1.88655028152,0.352272091758,0.596234078947,1.17717062483,1.51373673963,0.885666907371,1.30427260417,0.541970961842,1.04042953525,0.902545404257,2.58246277579,0.410391901164,2.64399011115,3.48265130319,0.215347442325,0.779636908607,1.99554767151,4.70358356608,5.36278175221,1.97967549992,5.48503487923,6.52741637306,2.21861287515,4.57317164779,0.301694948598,2.24364394376,0.736193172214
1,0,1,0,0,0,0,0,0,30,3.09366887046,4.19148871624,0.611042682232,2.02590078209,1.35282774279,4.30957231583,0.780149305097,0.654178969039,0.906488507425,0.823141498956,0.566094249596,NA,NA,1.14964872524,3.46991423145,2.07144027644,13.8909835156,1.82270347601,0.355617798946,0.455910821353,0.930518225416,1.28037647003,0.782702832933,1.25955207517,0.505763693914,1.08298142553,0.863381776173,2.07984781519,0.344490000657,2.603187407,4.73755182792,0.214793183855,0.722126794429,1.87840149521,5.47872715769,4.57725405831,1.73582771698,4.87739358755,4.68360967321,2.39041689036,4.45259940949,0.299314726042,2.44469505609,0.691780403096
1,0,0,1,0,0,0,0,0,30,3.01582603134,4.51213758129,0.729440672872,2.25260892281,1.27906750955,4.81410167761,0.813754975754,0.598977711294,0.927253164887,0.765363087576,0.610080506493,NA,NA,1.23172205816,4.10038603938,2.46668712219,11.6327133849,1.94426316757,0.308721855641,0.698115272483,1.34715174171,1.63087176624,0.841657920778,1.3242652631,0.488595535832,1.036924362,0.812418572106,2.69258673235,0.371807449894,2.98150716777,4.33092128011,0.208157279268,0.690149722832,2.35281641209,5.79235932731,6.30174030835,1.98786249301,7.86032815358,7.335979731,2.31748366719,6.70323034124,0.288170511381,2.88899887616,0.68564704345
1,0,0,0,1,0,0,0,0,30,2.88040130933,4.00513961369,0.633696161059,2.37145103365,1.30793100809,3.7856132595,0.821748271709,0.630060291277,1.04626482164,0.81747906004,0.589479633941,NA,NA,1.177161495,3.74201589218,2.31486604382,12.2039277493,1.77861840026,0.360312667917,0.479339619652,1.10379174347,1.45777985374,0.944675636442,1.16838008736,0.576159199731,1.13071627902,0.869850518316,2.53159894397,0.341503388811,2.68081205471,4.18370947035,0.211414362948,0.769238023063,1.76043070695,5.0432673015,4.93292166467,1.99505101647,6.06838844728,5.80523438757,2.14647758585,4.53228682912,0.316655588868,2.63154428662,0.708973185458
1,0,0,0,0,1,0,0,0,30,3.25403475966,3.74569391929,0.780883400748,2.45682603565,1.26365021067,4.36181404796,0.865620615048,0.610002105481,1.05545100944,0.867022359731,0.626005053721,NA,NA,1.31284705307,4.09136595678,2.05665591666,10.6679448359,1.82481677956,0.346771624044,0.676224084914,1.35225181167,1.35397800741,0.936640957604,1.36399620748,0.539847391342,1.17450206055,0.864459666187,2.66211426843,0.370204888932,3.29520938249,5.91340849893,0.202781356394,0.748230394762,2.12247307704,5.69567656846,5.72511421647,1.91164344609,6.18523149478,5.98575376089,2.07040051066,4.85625848086,0.325030010051,2.90299986934,0.766026167488
1,0,0,0,0,0,1,0,0,30,3.019658306,3.94576903864,0.649941983332,2.15455394113,1.29675542792,3.93540772007,0.808060514123,0.650090533998,0.943552360448,0.885045543006,0.575863537141,NA,NA,1.21607699474,3.32277791666,2.13439745293,12.4199339591,1.64123170586,0.350143538257,0.445281386722,0.99978146447,1.44574459134,0.822962420239,1.26513723466,0.589533104229,1.10769330177,0.87080858013,2.33128067251,0.357104180318,2.50678259752,9.44323369779,0.209032690249,0.790675945899,1.85899764904,5.45621164881,5.35342181815,1.73395150317,5.60451884812,6.34856083512,1.99184009176,4.28696795799,0.301192798446,2.51163304871,0.753742806002
1,0,0,0,0,0,0,1,0,30,2.79027087454,3.41200274392,0.761537951494,7.02550201813,3.77959349825,4.1455685853,1.14953532242,0.608042611509,1.45150735646,0.757376401475,0.593422655103,NA,NA,1.30903419748,4.8353560366,2.86940043986,5.5516089719,2.4626884259,0.387160985568,2.04810117544,4.49987155248,1.5561913492,1.41932146568,1.15363677327,0.533069800338,1.14361342805,1.06665831349,3.50947282748,0.754437739069,2.65319598928,5.10629720064,0.21032318883,0.807239515402,3.60116698458,5.79687363018,5.15593069908,2.32428242938,6.29156469986,5.11507922107,1.49548190632,5.13004291392,0.275716199453,2.49252100584,0.942774777465
1,0,0,0,0,0,0,0,1,30,2.58088783019,3.3705523183,0.687885017266,2.35744225671,1.28383249066,4.11672674814,0.790662082067,0.66857243382,1.0160940328,0.842752377115,0.62623674784,NA,NA,1.28597404453,3.55637590758,2.30038896247,11.1273352392,1.86594011571,0.336310351245,0.48448981087,1.05600376686,1.50856154189,0.823496481838,1.28244745531,0.56090365351,1.0662923586,0.838015696041,2.3399239004,0.331891277717,2.61175294796,2.9515271004,0.223360872163,0.794156877942,2.04770737976,4.80205130723,4.6590377182,1.96104032874,6.10594954528,5.64054841181,2.5222835414,5.19750379611,0.31562085541,2.32362129167,0.729429102602
1,1,0,0,0,0,0,0,0,60,2.77871388079,3.92970094991,0.701211303418,2.14480307025,1.33656270594,3.84861258496,0.900599511346,0.623727827708,1.05563307419,0.787993713241,0.56437758631,NA,NA,1.13690919189,3.57347338967,2.25819754345,12.276209666,1.98517839602,0.339949358174,0.472328853044,1.11140798935,1.44795666373,0.942950586225,1.39985486334,0.546566037686,1.11230625092,0.900814926948,2.47325598601,0.384381898999,2.63113599471,3.92240327347,0.204401506588,0.757521945456,1.90907368257,4.99790647903,5.00798030886,1.85670644175,5.28797359491,4.38534695705,2.35004166261,4.15621666026,0.306109723141,2.41653325289,0.797261487668
1,0,1,0,0,0,0,0,0,60,3.16222967275,4.3222148796,0.802892415715,1.85266219402,1.25197279939,4.74466418359,0.826686182689,0.629843812011,0.985970271647,0.75343050588,0.568170453009,NA,NA,1.16158425965,3.28862836863,2.12633457144,13.6080673679,2.0420564264,0.340336057228,0.32929318299,0.938270928336,1.37885790756,0.835488006111,1.23244807041,0.500182311609,1.09639891442,0.870882292778,1.82586140762,0.337687904209,2.67384106181,4.94284434913,0.201969968055,0.756035003103,1.9988715253,4.90974748897,4.79273287384,1.95332148566,4.65754307634,4.58119701391,2.37407481015,4.60135297903,0.308005334629,2.49761726761,0.805459114281
1,0,0,1,0,0,0,0,0,60,2.69972572587,3.76018417593,0.676977530074,1.73474671264,1.19744560819,4.19490804706,0.791882717939,0.644724615527,1.01359418396,0.761506506198,0.592533868917,NA,NA,1.23345163147,3.48327241344,2.04195448048,11.5415372659,1.59508874494,0.328741658454,0.498829006048,1.15549010058,1.47299884493,0.761780206528,1.26499202943,0.5808004276,1.1175928281,0.879816709518,2.06196638321,0.369398586722,2.56646800441,3.69545289903,0.215376211559,0.760950015059,2.04548374457,5.17560220259,5.18164637355,1.76241552411,6.24166945202,4.58999318834,2.06600599972,5.65444694285,0.321145082971,2.47011200117,0.767594618241
1,0,0,0,1,0,0,0,0,60,3.08486652688,4.92952429343,0.631273244251,2.16906344383,1.31150849333,4.37571987284,0.766585221308,0.664569668706,1.00143462766,0.76099657434,0.612971598089,NA,NA,1.20167465323,3.77719342799,2.14054416063,14.0986944239,1.84079836739,0.338446985708,0.32895732871,0.95300788165,1.41344547724,0.897454945635,1.14963479461,0.535947081567,1.21332194823,0.823633771756,2.41237013613,0.325890925322,2.86526780824,3.39145785991,0.205138222562,0.727043606469,1.89280255254,5.44122342975,6.56013227227,2.03067388699,6.10262384811,4.89174249032,2.35612534707,5.551992516,0.301076402981,2.72770645667,0.786412051381
1,0,0,0,0,1,0,0,0,60,2.95322805039,4.05186827488,0.626318101043,2.60070483835,1.44556010371,4.39136843957,0.784311406236,0.642896739697,1.03669908695,0.783452606965,0.593551619297,NA,NA,1.35681665128,4.04474112293,2.1238083554,11.5539996374,1.8525001072,0.333158854442,0.563077709869,1.14325227605,1.77580358645,0.761389393665,1.31745524873,0.523165927569,1.13060666442,0.825573073048,2.48033496376,0.322599427084,3.18042175226,2.791390348,0.208607213206,0.771148770579,2.21664380744,5.38053604989,6.14678772627,2.06806064005,6.62453815318,6.46839194965,2.32553947694,6.02010341821,0.299896902037,2.76347353708,0.680731691954
1,0,0,0,0,0,1,0,0,60,2.72825110147,3.96149005742,0.811014856248,1.73684342859,1.31822992139,4.32543447382,0.767285212076,0.622018290599,1.05339004301,0.786309370421,0.598900588166,NA,NA,1.20041657848,3.43702840864,2.10062932379,13.0689466711,1.77972543968,0.344079463141,0.330665729859,0.947261570609,1.42739603641,0.834625515746,1.24276409832,0.546970024607,1.14049065067,0.880676946664,2.03041677033,0.315117867432,2.59850938028,4.07328980811,0.227280553104,0.83388548908,1.88718089356,4.74695336799,4.85297250136,1.77534031264,5.24786658146,4.56529001794,2.36621931573,4.47918858552,0.326404495603,2.55834393055,0.757718511907
1,0,0,0,0,0,0,1,0,60,2.62285063011,3.36686093163,0.755171897764,9.90894970205,4.82617182918,3.6183602104,1.11428658944,0.626886553862,1.17057377612,0.842179905797,0.546770206428,NA,NA,1.26994460931,5.36323696811,3.00182185125,5.4305434784,2.54505648426,0.371070706253,1.74213700608,3.08880861384,1.72767377064,1.42104102538,1.17821561401,0.555269603496,1.12813150687,1.09946043533,3.56532629606,0.634415475367,2.50833403913,6.39062019414,0.223512488639,0.834175097906,3.09887367899,5.77264801035,5.69061739885,2.37386671479,6.83249811251,5.89771062348,1.44087143872,4.95501141855,0.282183062985,2.56579381248,1.11503531019
1,0,0,0,0,0,0,0,1,60,2.92742126422,4.04912430903,0.587396581723,2.51975182763,1.67157123495,4.03373309029,0.763531668659,0.653973265331,0.927951884247,0.795555448993,0.596137552518,NA,NA,1.29473907,3.97955437488,2.52557245117,15.2946556758,1.95906676704,0.334210218969,0.434081384153,0.951739167275,1.52799626765,0.786988784774,1.33658277751,0.575874864693,1.07070313023,0.858700254914,2.42998888087,0.286305265932,2.85964425982,5.08579467892,0.216863561772,0.756697115453,2.03792441281,5.36908584821,5.46644187611,1.72857885913,6.11347604339,5.37363540488,2.46652831737,6.11442755764,0.309683260544,2.77025399024,0.724792437062
1,1,0,0,0,0,0,0,0,120,3.44856424391,5.26636800473,0.826008648648,3.08918374571,1.62658552358,6.09917525243,0.820433637256,0.662995815442,1.01013054295,0.7397991056,0.598115241954,NA,NA,1.13690258802,4.02967501644,2.29450415602,11.540242174,2.00923959787,0.322714482741,0.494298091825,1.10113547105,1.22059744114,0.921924445699,1.61071150747,0.514176757286,1.07827848229,0.868431106169,2.3209868007,0.380039472131,2.81093418006,4.0876678279,0.196073568952,0.7077443211,1.96084189912,6.60367677803,6.67344536151,1.88998801551,7.34854782767,4.4104334213,2.16362723963,4.51409670608,0.305605428243,2.52305818927,0.865229752307
1,0,1,0,0,0,0,0,0,120,3.01408105181,4.48350172776,0.995577143956,2.24773853302,1.67716091772,5.31189980639,0.731532580172,0.672747929712,1.01791783899,0.759686910004,0.579626866066,NA,NA,1.16934555685,3.42671464749,2.05610580962,13.1454863439,2.16197770478,0.343998486042,0.496506330306,1.16682659637,1.34750767961,0.787635467701,1.24110978086,0.552300195603,1.08161962582,1.05775134793,1.59250583017,0.338262238397,2.69092821745,4.39866977222,0.201135090945,0.757828575978,1.88788692486,5.18772269229,4.89324364944,1.58769693339,4.15902043528,4.19336506803,2.25150399618,4.5911582604,0.325971845102,2.56177837301,0.805801998716
1,0,0,1,0,0,0,0,0,120,2.53118284768,4.16437028859,0.767679514918,1.67375782091,1.29929797403,4.98481983799,0.702856345055,0.670868060778,1.04762832022,0.726327588494,0.637588168221,NA,NA,1.287472574,3.20599800508,2.07373961102,13.5291349624,1.88601523381,0.382269524919,0.441694927345,1.12383051986,1.41751976593,0.739204323409,1.40695808753,0.581474679064,1.08467345357,0.836926082308,1.67632398653,0.330009349982,2.7637918015,1.22625547517,0.242972553754,0.76226001302,2.06855364789,4.91850937172,5.38106888459,1.80644773896,5.26710004992,3.99166629505,2.83604697785,6.35324284907,0.329009675696,2.60388883711,0.808158736099
1,0,0,0,1,0,0,0,0,120,2.87187220571,4.61781226378,1.02952591448,2.24736578931,1.8190462345,4.3059037174,0.785743000218,0.676796450139,1.21416666725,0.812721568702,0.688309965715,NA,NA,1.26150398756,3.33598882972,2.00600312112,11.3452044946,1.84300803421,0.406673906386,0.632832399698,1.52934971412,1.33004991612,0.881805906754,1.54209978626,0.577268761958,1.18508853672,0.981582340104,1.72320170023,0.310804672892,2.62156442224,2.19488029247,0.220820827552,0.644105904179,1.90492137165,4.84678745258,5.06675730693,1.83051711872,4.59368240958,3.46262340088,2.47379138395,5.1198589522,0.326685243819,2.54855650935,0.822155615387
1,0,0,0,0,1,0,0,0,120,3.13974424422,4.23225491565,0.770359250295,2.16079181129,1.31720776269,6.03382158873,0.781248905322,0.664599308219,1.10712152499,0.763403518208,0.623107331468,NA,NA,1.30693519172,3.86701028254,2.10211736617,14.8799313708,1.8628870032,0.337077841673,0.496510828253,1.12704596314,1.44931324722,0.748490867076,1.3661453932,0.538884889544,1.14748926156,0.817572073284,2.14545095647,0.341082335996,3.18117303913,5.60912254477,0.213020540115,0.767538208796,2.35152144946,5.80253006419,6.2846736211,2.08862254229,7.00322279125,5.29689465942,2.46068248251,6.69766808432,0.302271419342,3.02281975239,0.793073223386
1,0,0,0,0,0,1,0,0,120,2.70505287,3.72734068749,1.07059490759,1.82776007776,1.67295278129,4.5477634446,0.712603761323,0.681963078298,1.00508849144,0.803760004761,0.639286673272,NA,NA,1.18424604702,3.44485082874,1.91771754271,10.3269821181,1.80792247475,0.392920027732,0.538264212412,1.23509649983,1.24470672745,0.808117346133,1.44666644691,0.553156128165,1.11322664726,1.06194651505,1.49949256463,0.32133304936,2.42555029189,5.19602445768,0.20318405168,0.849242111571,1.82999253703,4.89076685272,3.78918511431,1.47736053484,3.61297727325,3.1291138333,2.2009365108,4.00008386052,0.342444068715,2.3868727945,0.822577911292
1,0,0,0,0,0,0,1,0,120,2.82674292205,3.54043571476,0.682631965649,8.63240147467,3.99733051489,3.96424281763,1.13100534302,0.632826021365,1.13743924074,0.835469676134,0.549409692503,NA,NA,1.08938914418,4.99971350962,2.94763018891,5.7063008344,2.69264708809,0.343308350534,1.20387907342,2.59803589903,1.63694636753,1.48403051475,1.49147493588,0.565927558803,1.21798342535,1.06960844131,3.39662622179,0.549426955522,2.5230519711,4.90848105468,0.207103701774,0.777579721887,2.46303069645,6.64490506782,5.52515045023,2.17650260279,6.77477542216,6.0830826414,1.49214589304,4.68134510275,0.280632377539,2.28866366726,1.25826563076
1,0,0,0,0,0,0,0,1,120,2.75255868635,4.34260680362,0.726325732464,2.27360634399,2.02798374924,5.1499569586,0.618384603724,0.626341200698,0.876631733164,0.715677737252,0.600185156437,NA,NA,1.2884647374,3.78555804015,2.14933652213,15.0530508224,1.93861558414,0.311651065468,0.277192413818,0.87623041011,1.44917883749,0.71466416803,1.58061436505,0.496693864042,1.12438936638,0.806695510759,1.80406301566,0.271124186632,3.04636222917,1.26080920359,0.216790261087,0.733604073753,2.23340639379,5.40184948424,5.5991341298,1.95188756911,5.41616952654,4.54508568546,2.75410107277,6.73222214785,0.302115841935,2.75296536897,0.73645483631
1,1,0,0,0,0,0,0,0,240,2.8075945519,4.42471055066,0.654203989908,1.69894237005,1.29754955746,4.11161701263,0.809264882183,0.665989367961,0.861401793865,0.79787406716,0.632848558929,NA,NA,1.26116573751,3.33505727018,2.01560121821,16.3101904597,1.84800273803,0.358907027644,0.428254701294,1.03796677095,1.13993825644,0.905098486157,1.68661725965,0.547343453303,1.14545487384,0.993447182727,2.07395974907,0.378087424556,2.38292541508,4.51121254876,0.194470669843,0.761197011012,1.66497528057,5.50587959219,4.47016774846,1.90715948529,5.21544750475,3.38675861589,2.58580976231,3.53904220775,0.309405391736,2.37206454907,0.883101925398
1,0,1,0,0,0,0,0,0,240,2.80124482141,4.72019194546,0.895195170038,1.12986021795,0.560389584972,5.30521755667,0.698877078837,0.667987354915,1.07681867271,0.818125976506,0.665033992311,NA,NA,1.17252843964,3.07326204783,1.88227602592,15.7956001671,2.01381639823,0.36994110363,0.426707933034,1.12670132299,1.18646300285,0.725720117679,1.29112188813,0.551613067222,1.04279740892,0.996033528128,1.54218813342,0.343229101631,2.64710756253,4.48345726933,0.209876979131,0.790885851561,1.78204345965,4.84045258768,4.46297452678,1.66816226454,3.63498896813,2.75771803538,2.41182862593,4.00455964209,0.338810536488,2.51126690458,0.85138148879
1,0,0,1,0,0,0,0,0,240,2.96928061882,4.65847283745,0.7674994041,1.86312177075,1.28289421917,5.55726051306,0.645139075309,0.657559331593,0.846484524057,0.8315037508,0.618365517901,NA,NA,1.30288535376,3.27030312938,2.09542185946,16.2677895686,1.97537225513,0.365128723672,0.476084455521,1.27590695366,1.2890969924,0.669341458461,1.43462517014,0.573113656133,1.06095294111,0.900646475855,1.53086069407,0.309069046705,2.8252992631,2.36202858462,0.231659577121,0.738708871864,1.89598407035,5.2767322299,4.8865531985,1.44932467278,3.75755783149,3.50732757619,2.99998339391,5.83662125173,0.344051223987,2.49309504779,0.725057581239
1,0,0,0,1,0,0,0,0,240,3.34911207215,4.97330959951,1.10565501539,4.14896523171,3.48103148339,4.38222169673,0.693893786145,0.692101778662,1.17108004639,0.809056326887,0.690174721452,NA,NA,1.33906694652,3.41817576285,1.95668460658,14.9240828413,2.1737997645,0.378414771662,0.453711085072,1.12613861451,1.33920318865,0.715129746117,1.41642867445,0.560046567976,1.05758649604,0.93409200863,1.53792106352,0.341521672562,2.8862805228,1.99121234621,0.23637436381,0.783877892244,2.12423109304,5.23556643875,5.41404977878,1.78799403559,3.76853310246,3.13712039755,2.63125036177,6.53027478355,0.328930791984,2.64070982222,0.80053133811
1,0,0,0,0,1,0,0,0,240,2.61738110721,3.94655141078,0.677765682266,1.94656728675,1.25740065463,4.3641639612,0.745320089362,0.676570675415,1.04426144212,0.789602488386,0.631900568356,NA,NA,1.29831126805,3.46116662627,2.04650101763,13.7565125522,1.79866144414,0.356404418718,0.558153687942,1.18247809284,1.41804416821,0.699882822637,1.41792035455,0.531357574641,1.09869165591,0.852360468444,1.64269689428,0.333884312651,2.82644105059,3.41066578538,0.220977996395,0.777587757619,2.09076119855,4.63809939813,5.95103819719,1.67870085899,4.48275586937,3.85954509513,2.36660962348,6.16565044252,0.311068238737,2.44637547126,0.789113871292
1,0,0,0,0,0,1,0,0,240,2.91137626883,4.5242151159,0.828069215435,1.60880914337,1.28791104884,4.65333929529,0.674271415298,0.666108086682,0.928516608646,0.816642214642,0.651017067576,NA,NA,1.25745615197,3.00304638005,1.84076045029,13.7303117331,1.75579784015,0.379669167647,0.401178075738,1.12331829194,1.04148909256,0.750964815113,1.39950534627,0.537514580656,1.05285126663,0.992566020209,1.5337142003,0.333599496904,2.62360331396,3.97652098062,0.207790279456,0.803629470142,1.76705607531,5.22981739758,4.15429712679,1.38754745072,3.2576911364,2.40107897605,2.43861645267,3.63003012747,0.342341167978,2.61895625178,0.872775953899
1,0,0,0,0,0,0,1,0,240,2.98309015422,4.37064298508,0.541037792417,7.13763997051,2.83359038849,3.66249735596,1.07167161756,0.663472345452,1.01809426762,0.79032826234,0.584661989924,NA,NA,1.10051116816,4.11143422458,2.52313692016,6.48312279609,2.20714813017,0.369972231297,0.686486826293,2.041803724,1.13944609654,1.41818054518,2.36306129289,0.539216113173,1.58642981339,0.960052264868,3.19493988966,0.447675026894,2.44153247596,3.56317179614,0.209718857258,0.768077866703,1.93483420383,7.18450498021,4.66065656526,2.00692078337,5.61396851873,4.30222709502,1.51326150983,4.36487557545,0.3210687605,2.26477992652,1.25507862806
1,0,0,0,0,0,0,0,1,240,2.70819669545,3.99342977451,0.96586250297,2.1785491775,1.59659708984,5.3575461282,0.635188931456,0.657202414099,0.91370982545,0.810531840185,0.652022630446,NA,NA,1.29161111913,3.40356890211,2.15313153331,20.4628960753,1.98645857499,0.368690018149,0.37160260013,1.01088146785,1.37857903321,0.685118087041,1.58136371265,0.563673686492,1.06364171257,0.870938454934,1.51258320484,0.30252795959,2.93999848071,1.34498969506,0.241678334356,0.750990135911,2.05242852188,4.82070973693,5.13222002224,1.73645339872,3.69783021926,3.88742125536,2.91592634372,6.87163361533,0.325155558593,2.43233201578,0.727612752029
