TR:BT20:CellLine,TR:Serum:Stimuli,TR:PBS:Stimuli,TR:EGF:Stimuli,TR:Insulin:Stimuli,TR:FGF1:Stimuli,TR:HGF:Stimuli,TR:NRG1:Stimuli,TR:IGF1:Stimuli,DA:ALL,DV:4EBP1_pS65,DV:4EBP1_pT37_pT46,DV:ACC_pS79,DV:AKT_pS473,DV:AKT_pT308,DV:AMPK_pT172,DV:BAD_pS112,DV:c-JUN_pS73,DV:c-Met_pY1235,DV:c-Raf_pS338,DV:CHK1_pS345,DV:CHK2_pT68,DV:EGFR_pY1068,DV:EGFR_pY1173,DV:EGFR_pY992,DV:ER-alpha_pS118,DV:GSK3-alpha-beta_pS21_S9,DV:GSK3-alpha-beta_pS9,DV:HER2_pY1248,DV:HER3_pY1298,DV:JNK_pT183_pT185,DV:MAPK_pT202_Y204,DV:MEK1_pS217_S221,DV:mTOR_pS2448,DV:NDRG1_pT346,DV:NF-kB-p65_pS536,DV:p27_pT157,DV:p27_pT198,DV:p38_pT180_Y182,DV:p70S6K_pT389,DV:p90RSK_pT359_S363,DV:PDK1_pS241,DV:PEA15_pS116,DV:PKC-alpha_pS657,DV:PKC-delta_pS664,DV:PKC-pan-betaII_pS660,DV:PRAS40_pT246,DV:Rb_pS807_S811,DV:Rictor_pT1135,DV:S6_pS235_S236,DV:S6_pS240_S244,DV:Src_pY416,DV:Src_pY527,DV:STAT3_pY705,DV:YAP_pS127,DV:YB-1_PS102
1,1,0,0,0,0,0,0,0,0,2.67614125981,3.86680430081,0.519471227938,2.255609259,2.12806552381,1.82082449181,0.961398480375,0.219588694187,0.721079441625,1.12406396369,1.09319455206,0.991961441063,0.458659077,1.3531374915,0.216728586437,0.881999836813,2.98268972213,2.55944945125,0.9438427575,0.432456002875,0.353881764562,0.497755342,1.25143776,1.18196440781,0.308413105125,1.01474950206,0.644014048063,0.866429613312,0.892829919563,0.588981274313,0.366964443062,2.32147932112,4.40918263656,0.364189179125,0.9993544955,2.24576834469,7.18988598925,3.00428894844,1.76707844712,0.550829539812,0.544475134562,NA,NA,0.490960376687,3.69221047469,0.8151363455
1,0,1,0,0,0,0,0,0,0,2.67614125981,3.86680430081,0.519471227938,2.255609259,2.12806552381,1.82082449181,0.961398480375,0.219588694187,0.721079441625,1.12406396369,1.09319455206,0.991961441063,0.458659077,1.3531374915,0.216728586437,0.881999836813,2.98268972213,2.55944945125,0.9438427575,0.432456002875,0.353881764562,0.497755342,1.25143776,1.18196440781,0.308413105125,1.01474950206,0.644014048063,0.866429613312,0.892829919563,0.588981274313,0.366964443062,2.32147932112,4.40918263656,0.364189179125,0.9993544955,2.24576834469,7.18988598925,3.00428894844,1.76707844712,0.550829539812,0.544475134562,NA,NA,0.490960376687,3.69221047469,0.8151363455
1,0,0,1,0,0,0,0,0,0,2.67614125981,3.86680430081,0.519471227938,2.255609259,2.12806552381,1.82082449181,0.961398480375,0.219588694187,0.721079441625,1.12406396369,1.09319455206,0.991961441063,0.458659077,1.3531374915,0.216728586437,0.881999836813,2.98268972213,2.55944945125,0.9438427575,0.432456002875,0.353881764562,0.497755342,1.25143776,1.18196440781,0.308413105125,1.01474950206,0.644014048063,0.866429613312,0.892829919563,0.588981274313,0.366964443062,2.32147932112,4.40918263656,0.364189179125,0.9993544955,2.24576834469,7.18988598925,3.00428894844,1.76707844712,0.550829539812,0.544475134562,NA,NA,0.490960376687,3.69221047469,0.8151363455
1,0,0,0,1,0,0,0,0,0,2.67614125981,3.86680430081,0.519471227938,2.255609259,2.12806552381,1.82082449181,0.961398480375,0.219588694187,0.721079441625,1.12406396369,1.09319455206,0.991961441063,0.458659077,1.3531374915,0.216728586437,0.881999836813,2.98268972213,2.55944945125,0.9438427575,0.432456002875,0.353881764562,0.497755342,1.25143776,1.18196440781,0.308413105125,1.01474950206,0.644014048063,0.866429613312,0.892829919563,0.588981274313,0.366964443062,2.32147932112,4.40918263656,0.364189179125,0.9993544955,2.24576834469,7.18988598925,3.00428894844,1.76707844712,0.550829539812,0.544475134562,NA,NA,0.490960376687,3.69221047469,0.8151363455
1,0,0,0,0,1,0,0,0,0,2.67614125981,3.86680430081,0.519471227938,2.255609259,2.12806552381,1.82082449181,0.961398480375,0.219588694187,0.721079441625,1.12406396369,1.09319455206,0.991961441063,0.458659077,1.3531374915,0.216728586437,0.881999836813,2.98268972213,2.55944945125,0.9438427575,0.432456002875,0.353881764562,0.497755342,1.25143776,1.18196440781,0.308413105125,1.01474950206,0.644014048063,0.866429613312,0.892829919563,0.588981274313,0.366964443062,2.32147932112,4.40918263656,0.364189179125,0.9993544955,2.24576834469,7.18988598925,3.00428894844,1.76707844712,0.550829539812,0.544475134562,NA,NA,0.490960376687,3.69221047469,0.8151363455
1,0,0,0,0,0,1,0,0,0,2.67614125981,3.86680430081,0.519471227938,2.255609259,2.12806552381,1.82082449181,0.961398480375,0.219588694187,0.721079441625,1.12406396369,1.09319455206,0.991961441063,0.458659077,1.3531374915,0.216728586437,0.881999836813,2.98268972213,2.55944945125,0.9438427575,0.432456002875,0.353881764562,0.497755342,1.25143776,1.18196440781,0.308413105125,1.01474950206,0.644014048063,0.866429613312,0.892829919563,0.588981274313,0.366964443062,2.32147932112,4.40918263656,0.364189179125,0.9993544955,2.24576834469,7.18988598925,3.00428894844,1.76707844712,0.550829539812,0.544475134562,NA,NA,0.490960376687,3.69221047469,0.8151363455
1,0,0,0,0,0,0,1,0,0,2.67614125981,3.86680430081,0.519471227938,2.255609259,2.12806552381,1.82082449181,0.961398480375,0.219588694187,0.721079441625,1.12406396369,1.09319455206,0.991961441063,0.458659077,1.3531374915,0.216728586437,0.881999836813,2.98268972213,2.55944945125,0.9438427575,0.432456002875,0.353881764562,0.497755342,1.25143776,1.18196440781,0.308413105125,1.01474950206,0.644014048063,0.866429613312,0.892829919563,0.588981274313,0.366964443062,2.32147932112,4.40918263656,0.364189179125,0.9993544955,2.24576834469,7.18988598925,3.00428894844,1.76707844712,0.550829539812,0.544475134562,NA,NA,0.490960376687,3.69221047469,0.8151363455
1,0,0,0,0,0,0,0,1,0,2.67614125981,3.86680430081,0.519471227938,2.255609259,2.12806552381,1.82082449181,0.961398480375,0.219588694187,0.721079441625,1.12406396369,1.09319455206,0.991961441063,0.458659077,1.3531374915,0.216728586437,0.881999836813,2.98268972213,2.55944945125,0.9438427575,0.432456002875,0.353881764562,0.497755342,1.25143776,1.18196440781,0.308413105125,1.01474950206,0.644014048063,0.866429613312,0.892829919563,0.588981274313,0.366964443062,2.32147932112,4.40918263656,0.364189179125,0.9993544955,2.24576834469,7.18988598925,3.00428894844,1.76707844712,0.550829539812,0.544475134562,NA,NA,0.490960376687,3.69221047469,0.8151363455
1,1,0,0,0,0,0,0,0,5,2.54156594517,3.68244765747,0.524401946542,4.08462539422,3.42580115367,1.48956735604,1.01030700664,0.228702901227,0.713100340451,1.86861162909,1.07026406851,0.984009371192,0.434175912927,1.25121222666,0.220717696631,0.919277556842,4.04744047595,3.20151029697,1.18284141308,0.467602721359,0.417396566091,2.09113514219,6.55967314013,1.45701210691,0.345158051041,1.08950522906,0.675293223189,0.80091744272,1.26484135844,0.736434686246,0.609066201002,2.22055606596,2.96007669253,0.403439661492,1.04651745809,3.37412472721,6.89277856334,3.16653729366,2.14041192839,0.580838947389,0.569186783995,NA,NA,0.500049340584,3.20990101102,0.921965337929
1,0,1,0,0,0,0,0,0,5,3.48266494359,4.88498682278,0.463771387739,3.11875155549,2.25152786222,2.60833586864,0.946704281586,0.192747442081,0.665709244161,1.07140543802,1.04650893346,0.870586204075,0.350999580181,1.34969362624,0.196951099229,0.741663491736,3.63987237131,2.90324096125,1.0578135595,0.35518989216,0.290341188942,0.442669299788,1.12092838968,1.42416352046,0.308613415708,0.81144750771,0.541622264123,0.710402770443,0.787256045412,0.57875380724,0.302426779991,2.79106523337,4.1589363209,0.353141487853,0.94082677773,2.77586986214,9.11581302907,3.55450504141,2.32236975693,0.594543348662,0.63485837868,NA,NA,0.431951167784,5.48841625102,0.930511826473
1,0,0,1,0,0,0,0,0,5,2.48945189155,3.61132781402,0.447619015441,6.19223963177,4.37099975056,1.75360795874,1.05391167676,0.231306519362,0.73538303973,1.77322992394,1.07253161496,0.996857970432,1.54160894927,2.46053753323,0.275931185765,0.839931253291,3.86526369413,3.13097983319,2.73695550927,0.487139729843,0.388379968796,2.40954157583,10.7565081528,1.22314420763,0.357975735051,0.836146596087,0.575274636369,0.794070573762,1.08499427705,0.727532580176,0.562554028161,2.14463548891,6.43701771674,0.365332827978,0.934100592315,2.98423748876,7.41432840007,2.88234268617,1.85570822744,0.440712764345,0.40889188799,NA,NA,0.495066339484,3.38390255888,0.975543356218
1,0,0,0,1,0,0,0,0,5,3.05441873778,3.66627377346,0.361150147657,2.59417439545,1.92909465262,1.69603942619,1.02406319671,0.267645804642,0.668668895433,1.01781907703,1.09816170162,0.997906229798,0.494509082378,1.39130901977,0.212142105381,0.879707715567,2.68349959987,2.26430584454,0.980071304224,0.42590355183,0.386049633985,0.479340719632,0.996744913807,1.05819267709,0.357322448337,0.88275721331,0.617278772232,0.967810591974,0.892006068003,0.754067942547,0.38195300244,2.28965445349,4.0049963804,0.336677853182,0.906310089231,2.28976844925,7.69653206217,2.407117351,1.80620038874,0.670540871645,0.630538438887,NA,NA,0.499522630208,4.16788879353,0.887542449445
1,0,0,0,0,1,0,0,0,5,2.65634663112,3.80674985396,0.416182369535,3.14998074385,2.36512944371,1.82026945263,0.989365031376,0.249115992271,0.689327229918,1.19185163089,1.1279571142,0.998426264561,0.475741027378,1.43568074123,0.203244605405,0.89355815128,2.78846186302,2.52474416674,0.948073394927,0.453137309606,0.386195277088,0.707547910706,1.46552713973,1.22643255226,0.324144883999,0.868998116934,0.603493597439,0.875768959078,0.902270141022,0.747039294426,0.374054535936,2.27891094873,4.70464653168,0.355932940916,0.960145550958,2.36466298804,7.5219332902,2.5098998875,1.95638790445,0.749469555551,0.720979967143,NA,NA,0.49513126595,3.77965438798,0.86420450287
1,0,0,0,0,0,1,0,0,5,2.87429823969,3.9804726206,0.38920043229,6.30669224003,4.47985183762,1.60182074438,0.935758162129,0.228303978495,1.16555868015,1.64222172453,1.04040011818,0.993476227476,0.559833265634,1.34869727417,0.204666896102,0.958533116047,4.01815533781,3.33376636938,1.25105033889,0.57189487912,0.380995845499,2.2536474696,7.72184112046,1.15617865791,0.385309732952,0.838805680251,0.602627511775,0.913765604309,1.01083432744,0.724201086334,0.456049510566,2.22957226904,6.40290422474,0.338528329361,0.956933023003,2.9563506784,7.94286319146,2.84794907974,1.86373724675,0.484871365676,0.501279996975,NA,NA,0.501003800539,4.05539375519,0.936626294164
1,0,0,0,0,0,0,1,0,5,3.64682048405,5.40167701174,0.508196493379,9.74191966062,7.08275989542,2.47064064921,0.952525297805,0.188544455123,0.601968937515,1.64045123375,1.03450925362,0.938065055175,0.417535921763,1.25812708335,0.195950625232,0.780775577638,5.26406566982,3.96290222366,1.14078724285,1.24530028435,0.316478962614,1.3213162012,3.73273827853,1.25468787138,0.30980326247,0.759685463348,0.560703973507,0.737510542293,0.897174447888,0.588608786919,0.366191548876,2.72867558038,4.09505707961,0.348865316263,0.849980507142,2.81502909702,10.9538882841,3.66540498872,2.23251007428,0.509989959198,0.547394871351,NA,NA,0.433051888591,5.68032323297,0.860176944543
1,0,0,0,0,0,0,0,1,5,2.53402507433,3.32146034863,0.425882011193,3.15890105727,2.36610755241,1.81122393358,0.906936540603,0.236798019942,0.736058253538,1.18514794762,1.09836463726,1.00942812318,0.399216220418,1.36077067178,0.216950372881,0.85424442942,2.90430534005,2.59596727393,0.857128241633,0.480463609764,0.363156637088,0.441254916273,1.04044694637,1.31776276369,0.337080317883,0.750124969558,0.614136104175,0.813867578684,0.861385733062,0.658148266604,0.367462109547,2.25052939124,4.7653889446,0.406453099577,0.993311390596,2.18001656801,6.52155354555,2.89531040017,1.75872214764,0.543925262782,0.491817698246,NA,NA,0.494969634822,3.43629951277,0.86346955074
1,1,0,0,0,0,0,0,0,15,2.55314244669,3.56945609843,0.648581661001,4.61038203875,3.4977064025,1.79876971836,1.30405159277,0.287191072072,0.707544546192,1.67181767385,1.05123456365,0.933088407853,0.414852041835,1.20970718671,0.207267217727,0.948814805149,3.83229750747,3.02128617741,1.07945144725,0.491550588015,0.434787544529,1.30940269206,4.72517113658,1.43398711511,0.338563808953,1.42440258798,0.655169720183,0.814938515009,1.36143234499,0.797721208288,0.780258420729,2.1213691244,1.2164131244,0.413740682361,0.993250205403,3.3021448399,6.9063492126,3.10154684992,2.15095617752,1.04857215747,0.821151814408,NA,NA,0.528243255548,2.86125276322,0.957448264761
1,0,1,0,0,0,0,0,0,15,3.14252404085,4.4802865565,0.522654998063,2.78461043956,2.41538590449,2.3835325857,0.998396793806,0.215054125858,0.763648663663,1.09891760606,1.14175024337,1.02335420231,0.439724480816,1.3396684105,0.233510668934,0.911355666714,3.38191050052,2.58370826649,1.00773065209,0.397992531024,0.360528205032,0.491724262305,1.22010398832,1.1878615082,0.291988854812,0.934377150582,0.626582849406,0.773925746103,0.802227411309,0.487687177844,0.361974954619,2.36037244664,4.57943178648,0.363647420569,0.997327324789,2.63967310506,9.58822582448,3.28949258428,1.76337966258,0.434164947637,0.430035952678,NA,NA,0.472825593281,5.02299422472,0.967489236399
1,0,0,1,0,0,0,0,0,15,2.59909162808,3.49226709216,0.420669991081,6.38706112057,3.97370050171,1.5554405266,1.31205630334,0.257288658905,0.693920616925,1.74324735966,1.07761858346,0.940422786606,1.83043966329,2.60685408981,0.311515113234,0.873462195338,3.83893739357,3.05999917248,3.14127865026,0.484123807692,0.415953692293,2.22002154934,10.6869131649,1.29215494149,0.354671003662,0.800230489808,0.609351701012,0.797901223236,1.08158487698,0.872852401849,0.694644373543,2.31272137752,4.82592940831,0.360016540273,0.945902424872,3.07298907766,7.17386493363,2.7076107109,1.86426699822,0.910829158038,0.665286955429,NA,NA,0.530656005323,3.30053102149,1.06565620724
1,0,0,0,1,0,0,0,0,15,2.549412567,3.36162481765,0.457060482466,3.04507150482,2.0289637309,1.99473265433,0.985339778517,0.256827614841,0.66886781472,1.21463325604,1.17087957581,1.00210584809,0.453737647231,1.3598805391,0.217965664243,0.916163468043,2.79229860235,2.57778583182,0.99674268464,0.440995673241,0.362920070408,0.582486117496,1.23525941016,1.30357861874,0.346568970847,0.828220171103,0.622482537541,0.838506886267,0.792823023813,0.671570969515,0.363108182023,2.26375462366,3.04712053263,0.395134936161,0.95818147212,2.5822012381,6.22701488778,3.01022752226,2.21888016213,0.746870030162,0.740683415684,NA,NA,0.464921180482,3.47770353319,0.840856981736
1,0,0,0,0,1,0,0,0,15,2.65620101027,4.01169889478,0.398259508175,3.24747915393,2.45104286101,1.59938920426,1.02603385086,0.281309541064,0.689369419915,1.2195569454,1.20412279784,0.912727086618,0.455619963813,1.36850744084,0.211084004642,0.878259832771,2.71358441843,2.37676594849,0.966295505663,0.430445636142,0.385460734907,1.06318117202,1.98222427219,1.22972619411,0.321678945947,0.84386019183,0.622865077429,0.894232258375,0.891379310503,0.723974009012,0.455260312289,2.11189008077,5.1798567754,0.33456704196,0.928434157742,2.38806412563,7.03137801679,2.63331516944,1.70613051318,0.775027859755,0.743440522992,NA,NA,0.466238352271,3.6915246715,0.901789349048
1,0,0,0,0,0,1,0,0,15,2.77164631317,4.01124003365,0.539239724288,7.63286547572,4.74237179848,1.83210180244,1.1473821387,0.246013672963,1.00707751271,1.7170849532,1.07265462448,0.967376661084,0.416122848237,1.22613597597,0.20966952249,0.955901414125,4.25395202897,3.4815708307,1.11092084009,0.509455525086,0.3761788111,1.83285726893,7.2724064503,1.40952548259,0.363756343274,0.790384730138,0.635959937663,0.844733195297,0.83187956483,0.750939700911,0.674305375589,2.25620045169,2.44819528728,0.398260821505,0.97162257224,3.54482710049,7.1596549336,3.21139008232,2.31747181947,0.693295575174,0.553040310094,NA,NA,0.512295823118,3.53631831424,1.07440598789
1,0,0,0,0,0,0,1,0,15,3.45158991341,4.71399312311,0.567199674799,8.12266296201,5.55038102155,2.28767347984,1.12129405689,0.218354806836,0.668577642016,1.5993428348,1.0746052949,0.964435709613,0.386076266315,1.2696760035,0.217044248052,0.864493952474,4.59907307342,3.64151387277,1.09203995069,1.19010226927,0.372999622099,1.23966987833,2.44916897204,1.26671009222,0.363978442714,0.866617544375,0.640056417647,0.830132165325,0.917238724972,0.760832268468,0.476301582651,2.47665253458,3.84883689445,0.394355432812,0.902131891266,2.76006489185,10.2628551508,3.55902692849,2.11005227925,0.615446770503,0.526320502205,NA,NA,0.474779408011,4.43881380709,0.921319733913
1,0,0,0,0,0,0,0,1,15,2.39020726173,3.28543647228,0.476355173212,3.98875602939,2.60717425699,1.74957729592,0.928494414005,0.231268364266,0.758685144178,1.33405689613,1.17443521401,0.932709557309,0.384627522796,1.33367068538,0.217742816866,0.866376563303,3.13711709181,2.83976438201,0.846799176804,0.482023116327,0.367298817454,0.62975238621,1.31303436718,1.45526875008,0.358056984787,0.782000137011,0.620122489906,0.792263718862,0.826165946827,0.674193177045,0.399271529475,2.36388255285,2.32873739179,0.464636034665,1.04285483819,2.39318962558,6.24861564524,2.89313943417,2.02795727032,0.61975895052,0.613451421199,NA,NA,0.502732544351,3.35744984249,0.956577337436
1,1,0,0,0,0,0,0,0,30,2.51771875342,3.72003323626,0.551340975828,4.88907445661,3.11810671116,1.90130336327,1.35878262182,0.33281011345,0.765691381534,1.71121734123,1.01849699353,0.885503232993,0.436840259734,1.27040764376,0.222198437035,0.914714436483,4.10029798036,3.19607671926,1.04319319607,0.492116836014,0.579001304178,1.25282785528,3.97620222089,1.48946232342,0.336183654743,2.83235300825,0.708047244386,0.81607723395,1.45952677718,1.06031150494,0.719700450621,2.27554190861,0.964698845684,0.430240118678,0.971134794251,3.35626596905,6.64501738522,3.09185434576,2.69286079938,1.83249416681,1.43757176473,NA,NA,0.543313054573,2.14234068729,1.11873872387
1,0,1,0,0,0,0,0,0,30,2.72450406406,3.82944787002,0.611423150456,2.76785240195,2.58962212786,2.0794785334,0.986047235747,0.240880210589,0.660952175198,1.04036549577,1.01897236023,1.03035278135,0.387460527179,1.3313731428,0.205576598087,0.82044292349,3.10444189229,2.58248121337,0.942850954655,0.428190411036,0.312356151657,0.52643613092,1.27831728393,1.370586525,0.310902202352,1.01610272355,0.657411592034,0.858588029212,0.835961895908,0.551702618152,0.362697099211,2.35833337251,1.08251642702,0.453274329473,1.00540517416,2.64038849865,6.9309835482,2.90148667433,1.99724386394,0.673007247622,0.625971206403,NA,NA,0.515144421233,4.52493650606,0.801444155789
1,0,0,1,0,0,0,0,0,30,2.36827152104,3.12114742095,0.588302065706,6.40660740183,3.80696824723,1.71176399736,1.35554224447,0.268022450609,0.689061838724,1.77260666731,1.08517992428,0.900582885591,1.82436551015,2.44116237795,0.307044625096,0.955391890027,3.98140605563,3.36563970009,2.64169427347,0.471270949753,0.388867827874,2.25534251204,10.1365870174,1.58091542136,0.326021390544,0.954605686278,0.624478925416,0.760484257084,1.00563057497,0.960419453837,0.750780693472,2.23303444343,4.6685582726,0.391460539415,0.959788272443,3.15934993792,6.1557505327,2.97331327901,2.30943331408,1.51787432668,1.44385573638,NA,NA,0.548365033617,2.81098278236,1.07315540232
1,0,0,0,1,0,0,0,0,30,2.42636828377,3.30814840798,0.511670448491,3.41650010004,2.73362009177,1.62691876148,1.00045383475,0.26244363886,0.705993732294,1.32729922006,1.12782040099,0.998354536729,0.482809106192,1.34652386072,0.21581876098,0.856305193484,2.93856736952,2.76929538269,1.08700670517,0.445908967233,0.366131576363,0.717227419124,1.66353314305,1.22954948009,0.341273484825,1.08495485912,0.661098370797,0.877763049361,0.870479417099,0.722228503056,0.405710437243,2.2213386469,2.44891843529,0.378262326358,0.976181512176,2.38341094124,6.15977377958,2.76578916338,2.08069894967,0.967843716071,0.912309790548,NA,NA,0.479685856013,3.58761392442,0.879748439224
1,0,0,0,0,1,0,0,0,30,2.35588350472,3.5817936296,0.512023129493,3.5260741316,2.73996918225,1.55117554398,1.02640649805,0.251757857812,0.721609752816,1.29772339409,1.15631169469,0.957168783785,0.452720138428,1.34939585037,0.212439497707,0.875229463966,2.86265890959,2.62632668205,0.998227129211,0.427212016547,0.353434933559,0.743420344386,1.5184555145,1.28681103122,0.315830205789,1.08989016567,0.599083113071,0.798126500567,0.865426643559,0.773503008604,0.448245060747,2.15790843653,3.12652093914,0.354478916025,0.94626924156,2.31338654241,6.6228767437,2.71128400583,1.95616529806,0.871678172195,0.79759260482,NA,NA,0.472030984774,3.55311430757,0.918841119484
1,0,0,0,0,0,1,0,0,30,3.13543942616,4.07282229734,0.475532122684,7.98645363596,5.07336494826,1.85977668081,1.21985563842,0.2496592256,0.944725440756,1.62835871009,1.04250140239,0.960757471608,0.412785123487,1.25331626559,0.181386642378,0.887076656664,4.81850329535,3.96964580653,1.16965519245,0.467651700564,0.36813167504,1.49123852883,4.24315952489,1.49443999783,0.294308941286,1.00327317086,0.600754550841,0.749299585972,0.802499859272,0.90095746996,0.604245671552,2.19365088015,1.73414154775,0.377214253923,0.987337379302,3.01164707674,7.51876743569,3.19806080536,2.59538020356,1.09027821906,1.02756839534,NA,NA,0.501868694638,3.98954416569,1.06765401343
1,0,0,0,0,0,0,1,0,30,3.16501157119,4.46640423752,0.543987538181,8.5698703909,5.43700422272,1.7778268417,1.12960753162,0.242895338846,0.706936217017,1.26711589638,1.10558948541,1.00556784597,0.416873411769,1.23717712714,0.225147802451,0.905146835953,4.34216066164,3.73893365351,0.939482984243,1.17846961829,0.362228891691,0.800507847612,1.81850156255,1.239615478,0.339748519332,0.995365257948,0.595893268843,0.801769365545,0.905212569597,0.925901403042,0.441859816206,2.37757666828,3.88185513801,0.385712639408,0.979264381164,2.46879700355,10.2223386314,2.99104167545,2.4227094958,0.972418102143,0.826079319613,NA,NA,0.499225817292,4.33810509447,0.826826474677
1,0,0,0,0,0,0,0,1,30,2.68466183967,3.50046297897,0.498813397283,4.19608505545,3.06915058176,1.6779421039,1.01678217845,0.225725235794,0.723013196915,1.40640372876,1.08446074087,0.940111067377,0.398189889285,1.3153721441,0.212525547618,0.793195018942,3.17841516053,2.9021629437,0.917571965013,0.433322911847,0.360776783245,0.731183635098,1.46395292375,1.40974015105,0.326295569382,0.886946572755,0.601982513648,0.792530174073,0.877341431288,0.743988083687,0.408215113861,2.14397002942,4.21614563595,0.414194903332,1.07326415563,2.29788864127,6.81707541776,2.60707281342,2.0943402217,0.742256827718,0.730870483439,NA,NA,0.526521225921,4.10306861962,0.808558181674
1,1,0,0,0,0,0,0,0,60,2.64346020296,3.55978695063,0.50879747316,5.82994763025,3.35277580575,1.77341787456,1.35283982006,0.439756724119,0.684945329322,1.59843062185,0.967851697327,0.923523585944,0.423571394745,1.21128826927,0.227812642754,0.906201145183,3.99371977723,3.13758637735,1.10478232177,0.511637786743,0.646884128247,0.976897466499,3.63099047653,1.55812290262,0.287383457613,3.86616118259,0.637128065138,0.808536995815,1.21932038238,1.13844424828,0.695740996608,2.19750524017,0.864826999411,0.420923554661,0.98087450015,3.26470756111,8.13839796036,3.29031709512,2.88045649442,3.07561270556,2.51610285058,NA,NA,0.549237351706,1.46068953353,1.10746648766
1,0,1,0,0,0,0,0,0,60,2.95021136011,3.99138924229,0.506731840824,2.6055422251,2.35237311994,2.25746308316,0.989989189668,0.231455694694,0.699700503839,0.923649545174,1.10585740935,1.06195540754,0.448298127179,1.2707212751,0.208316492058,0.935272450279,3.1240922014,2.640726125,0.990930701185,0.394710873755,0.358685151562,0.522596986005,1.12668854419,1.34525389869,0.306442511681,1.00405443092,0.662922117625,0.820304279926,0.892516171123,0.521324643411,0.399053296461,2.39136440039,2.90875812143,0.421688775878,1.04263569614,2.43992956265,8.1257652768,2.90980296411,2.143212632,0.475780488592,0.451221455313,NA,NA,0.501040342761,4.78612028127,0.810884403936
1,0,0,1,0,0,0,0,0,60,2.73816491471,3.60039586901,0.433563500708,6.44870005773,4.13748316752,1.85989141559,1.48709954734,0.310409415183,0.723586890098,1.74217223347,0.994593255539,0.965015051342,1.86687581258,2.6309120129,0.328725329694,0.918030173993,4.07570748432,3.40288379848,3.29270262641,0.488535905568,0.396410948944,2.2167559656,10.0561099067,1.40195874325,0.276276741715,1.04467009293,0.614312706842,0.796819576853,0.997084923503,1.17035499978,0.709819313181,2.23248579304,5.61554704988,0.364219758314,0.900639417146,3.23910569095,6.91404880818,3.01005179296,2.5197647719,1.66143318123,1.36216640831,NA,NA,0.536817633139,2.7636023819,1.12876880869
1,0,0,0,1,0,0,0,0,60,2.40339770783,3.19173689793,0.502726671125,3.6038852221,2.63450736858,2.35471026534,0.974760281604,0.244444250239,0.699323872615,1.33181246247,0.986731255972,1.00974870287,0.490421043072,1.31933262157,0.216723544974,0.863049250304,3.19338861304,2.71027449736,1.0980658973,0.456740091977,0.351910430948,0.46860461305,1.04819293904,1.3173966601,0.284018372554,1.10742190186,0.681115627125,0.857269218715,0.876181096362,0.608658153744,0.390498932815,2.51265735804,0.680408043458,0.427051476215,0.975000144129,2.7737965363,7.66124230403,3.19825498952,2.15913449169,0.841459963914,0.627647005165,NA,NA,0.459327186119,4.28488667475,0.757246550697
1,0,0,0,0,1,0,0,0,60,2.29197772435,3.45300300712,0.456023269381,3.33120770617,2.53923268635,1.62893511962,0.997929699971,0.254323872569,0.713071579622,1.32973593675,1.04208166116,0.96420727264,0.466452131324,1.30559731632,0.213268099832,0.853841004635,2.75920603127,2.37623053469,0.991685909266,0.455076210803,0.375051831627,0.565570902784,1.24687270102,1.32657330228,0.279171738241,1.03954738866,0.662791377623,0.89733342245,0.859539417344,0.650785725878,0.441514717911,2.36895540536,2.45680149084,0.396445054277,0.944001664914,2.50848880858,7.09275253249,2.78523226116,2.23707841332,0.99426954821,0.788248038479,NA,NA,0.477781819037,4.04628293729,0.837344010677
1,0,0,0,0,0,1,0,0,60,3.02503428823,4.88119451202,0.503327977949,6.00916740681,3.99211086801,1.84159823621,1.25595295129,0.255867787008,0.842382432781,1.49083695902,1.0178165986,1.06902451968,0.480379468259,1.26944380452,0.221191345674,0.884428030934,3.92465467041,3.21001521946,1.09879034505,0.460962369483,0.345020266398,0.93201846537,2.53484932816,1.32787356188,0.311047702556,1.10374773767,0.634748630256,0.836492241783,0.750157207686,0.993399274549,0.464460720941,2.28167062137,1.1665817162,0.424801690493,0.964256595556,2.6333656806,9.60949244484,2.92324443815,2.43657086617,1.40221746195,1.28610056497,NA,NA,0.525822391322,4.33137594978,0.758655738827
1,0,0,0,0,0,0,1,0,60,3.15006857907,4.17859823395,0.497713026396,7.82184822669,5.16777760622,2.21733804475,1.12393094765,0.228892957036,0.718798940626,1.11319255718,0.980869979351,1.04255953343,0.467883616976,1.24308689803,0.213351568241,0.904090406202,4.501324226,3.5591137608,1.04802020723,1.18045240257,0.357188259524,0.570652674359,1.14813151068,1.20550723912,0.309319027337,1.06408624208,0.582415046493,0.803636616246,0.847525629342,0.805367882512,0.407138784878,2.41625631018,1.0297583179,0.407100579365,0.991494599856,2.52225611272,9.81837516899,3.21974156869,2.99381490654,1.05419838456,0.913290179052,NA,NA,0.498054820817,4.36999771886,0.82452195529
1,0,0,0,0,0,0,0,1,60,2.78887422345,3.79403862884,0.356521529419,4.31874727448,2.91195484765,2.06704212048,1.06561087716,0.236819388812,0.721975432778,1.14181072032,1.03214300686,0.983448691452,0.433164932071,1.34464085825,0.221954123443,0.803308388359,3.70264970385,2.97228335339,0.921953585129,0.433933727124,0.370961735378,0.560112963006,1.11872955299,1.2352626761,0.312929681307,1.09354648769,0.58460956197,0.794614807988,0.837938055055,0.801170556706,0.392835876013,2.246699799,6.01580747631,0.361673886556,0.89874868883,2.30863476863,7.26415656946,2.8857387041,1.9926302428,0.676832825118,0.588162039406,NA,NA,0.499461570894,4.46263735382,0.80856305691
1,1,0,0,0,0,0,0,0,120,2.68279178601,3.40219466749,0.502963830308,5.77585943094,3.26441244066,1.85183804232,1.31850468262,0.579903206355,0.735828425572,1.63788170554,0.922233610705,0.932046865426,0.414082514894,1.21068847933,0.23946592522,0.936101749048,3.75675448146,2.84565930685,1.04673232427,0.527890362438,0.464274433541,0.819654349873,3.20927803513,1.54715780304,0.232567297766,3.21630311264,0.668346805045,0.87446755055,1.17414273028,1.21067791911,0.660813045206,2.3297903135,0.762839752123,0.428173402668,0.941227507247,2.97720758164,8.08873105234,2.90403005318,2.87593235311,3.83664812222,3.25045793699,NA,NA,0.602233470268,0.929517285293,0.864049542023
1,0,1,0,0,0,0,0,0,120,2.76305810666,3.89937573114,0.521508962315,3.04587350143,2.35196270979,1.99684184225,1.02516591599,0.237005607259,0.734848519636,1.08207170356,1.03347324981,1.07221413324,0.454237968212,1.32535565479,0.224446853582,0.954888615603,3.22746546297,2.60018104602,0.954606966512,0.42912856993,0.35543394567,0.495794095772,1.2327261241,1.20422858132,0.279196040887,0.978316282157,0.647579710832,0.887086806466,0.836934627094,0.551336271443,0.389686363255,2.40411649758,1.03405120131,0.421719707697,1.02058218964,2.63338041052,6.73159485673,2.95483168915,2.16784919233,0.577258185953,0.474409333308,NA,NA,0.522419261494,4.70723467359,0.787260253623
1,0,0,1,0,0,0,0,0,120,2.52807248661,3.38802090573,0.370455724851,6.29437387301,3.43002956747,1.78533092559,1.53571754749,0.315486893448,0.730999863768,1.70252139475,0.999215983523,0.935704367381,1.85874466165,2.58044945643,0.475366047952,0.818937468869,3.5338497861,2.96919937626,3.32734751933,0.511608128452,0.400131806824,1.89874899485,9.89601253631,1.10476453076,0.250105837464,1.01955305934,0.516784941244,0.873249096763,1.02009266218,1.10322336892,0.686840015895,2.22480690197,3.48652213717,0.365482954597,0.849049672858,2.67215115205,7.4424182353,2.30867525427,1.82836090331,1.94598587466,1.72272078896,NA,NA,0.528289124296,3.24835268785,1.30741775672
1,0,0,0,1,0,0,0,0,120,2.48223977419,3.08753973575,0.434497023298,3.89147790649,2.82319415846,2.30222852882,0.983898312873,0.231537430373,0.707588396957,1.2223247407,0.997871901702,0.989806475741,0.557127359358,1.32693481296,0.216805363123,0.886859425431,3.39364063612,2.77414719412,1.12708448768,0.452424048992,0.38052747025,0.490874839773,1.08977075629,1.35070670273,0.275185248719,1.13414854126,0.654255225134,0.832895110755,0.877306982049,0.692362615338,0.414791887118,2.48150192129,0.683070701254,0.437676525957,0.984072239094,2.81830756804,7.92295839596,3.20736181335,2.49620301494,0.872747310789,0.714556837973,NA,NA,0.474285298234,4.03215721242,0.75933973616
1,0,0,0,0,1,0,0,0,120,2.40614970972,3.65789997516,0.474087724002,4.37017760534,3.2780444017,1.98167064568,1.02496311695,0.246391056506,0.718153063916,1.27350749932,1.13947148709,0.995712271972,0.471722674741,1.35521582441,0.220508323281,0.845742866231,2.85609110764,2.54333596451,1.06608823304,0.423872919519,0.361255177365,0.555844961547,1.23237968457,1.32870372789,0.258691288063,1.18359318283,0.657750353099,0.848229937289,0.841546390335,0.68045177818,0.430295722963,2.30378897284,1.84278383061,0.419971286494,0.965999923733,2.474693327,6.68687873358,2.69026512203,2.53741978539,1.02073103951,0.849685863552,NA,NA,0.463374029351,4.02431677559,0.847804253389
1,0,0,0,0,0,1,0,0,120,2.86229528128,3.75975035199,0.581835892248,5.63268911244,3.94480707307,2.15035979064,1.02817134175,0.226785727804,0.817833859643,1.57600317344,0.942160607634,1.09318895277,0.475474563749,1.32332746099,0.24853719359,0.884924598947,3.59235504104,2.96807274146,1.01844391906,0.488536624985,0.348534142781,0.795723656711,2.20546481933,1.32656394754,0.263646896835,1.07494605272,0.66243350888,0.85760390699,0.73032432722,0.731562152637,0.453387776107,2.41826463968,0.713976686084,0.461038538609,1.00065259951,2.94037471006,8.79966445709,3.01952116882,2.66113367028,1.51911315676,1.37752006775,NA,NA,0.494953484411,4.62506886725,0.708001090579
1,0,0,0,0,0,0,1,0,120,3.00241098199,4.06044346449,0.454031560819,7.62968608131,5.32005966777,2.04921619779,1.04128846388,0.243864354974,0.754047338702,1.40435742352,0.962744808972,1.02324911126,0.478404909719,1.26581325824,0.248864803059,0.912011026729,4.08686930766,3.23395699956,0.992000066395,1.17493077446,0.357314087031,0.521624630921,1.27422946973,1.22342654234,0.315312776054,0.993313373373,0.632754195435,0.911504306397,0.835339237554,0.74371027212,0.404628867486,2.40636416857,1.53001098098,0.425470621974,0.986758382835,2.55763677882,9.96404267966,3.06896409422,2.80142539126,0.893325669229,0.81461228168,NA,NA,0.52236952787,5.0220064992,0.734214904247
1,0,0,0,0,0,0,0,1,120,2.92989749827,3.89347600147,0.353348634483,3.95834756631,2.96868327023,1.95526378223,1.02420594833,0.227861330902,0.738943543499,1.0797389199,1.03866663244,0.966712617874,0.501436932189,1.38419036785,0.228012919966,0.804859487692,3.56156478908,3.01027599154,0.945529626152,0.431507155036,0.378051280816,0.508886896051,1.14491778993,1.07148958408,0.319409976347,0.862784267165,0.614581348523,0.84124998652,0.884423687388,0.696850160105,0.380983143449,2.34635145358,4.4423382712,0.346195463509,0.941924879219,2.24187052867,8.29703829976,2.3866095268,1.58844966457,0.592806044111,0.545182102218,NA,NA,0.527851183694,4.47941960598,0.861366926834
1,1,0,0,0,0,0,0,0,240,2.71581833469,3.396826601,0.405045216464,5.55965262623,3.03744513445,1.78194848512,1.44045467889,0.714460728004,0.69206630357,1.54653286668,0.945543522585,0.908492688359,0.410327910633,1.2563192643,0.220125810735,0.894186562394,3.86075739805,3.19000762243,1.04585353279,0.482034074101,0.436520702556,0.778945443281,2.92675043424,1.53270681758,0.212940650986,2.47489535265,0.604999487689,0.873815895841,1.15200263682,1.26737522594,0.537022887198,2.26837370603,4.24873876735,0.371892364847,0.95299507891,2.71931735576,8.62024562937,2.9761584029,2.80412792497,3.40450573145,3.51025787704,NA,NA,0.552681154963,0.916757390576,0.847891417544
1,0,1,0,0,0,0,0,0,240,2.66460441363,3.72316032468,0.518797155058,3.12118395645,2.30236992084,2.13841390076,1.01854162519,0.240279844634,0.722238803585,0.961516560595,1.03023442372,1.02213452777,0.480471045212,1.31399223774,0.238824240337,0.959153809679,3.14206080884,2.59661925189,0.992743089207,0.427589902204,0.358555641635,0.514484917737,1.12278758349,1.25276321194,0.307416839401,0.997560965103,0.671254686209,0.887339619626,0.824610940677,0.581144622561,0.411976290214,2.41753256176,0.909604088367,0.430341144997,1.03968052706,2.69742660152,6.17042742886,2.8398398838,2.07223900232,0.575648704979,0.446904901053,NA,NA,0.521626568298,4.68962182461,0.782380317118
1,0,0,1,0,0,0,0,0,240,2.63153879932,3.66578123956,0.482391443953,5.79444780618,3.65989098763,2.01027762493,1.36688735634,0.30343230945,0.683964603901,1.48857785096,1.01076518311,0.998066517437,1.54225361936,2.1905474461,0.311875292057,0.902180157272,3.65560586069,3.07914950746,2.72727842778,0.460713892731,0.404258906739,1.68142746263,10.0254003749,1.25348771862,0.247927334634,0.953334494504,0.604355928385,0.92481526184,0.942041466889,0.98644683659,0.637106895944,2.15058778137,4.51097735484,0.317156859683,0.889825330909,2.95141316403,8.44345818878,2.44957999659,2.17032282932,1.96433650199,1.83715250453,NA,NA,0.595973609225,3.94612807138,1.22954489342
1,0,0,0,1,0,0,0,0,240,2.3702251578,3.11841902708,0.430928573257,3.83318847418,2.70305624024,2.26942141347,1.00953033525,0.27185442198,0.709228789269,1.23679325476,1.08523795395,1.04404145338,0.492910222622,1.38622458833,0.231120046744,0.887315146292,3.37668164396,2.7830864621,1.08446413593,0.45332187503,0.377368854701,0.527158992833,1.07541169405,1.33069904641,0.353291985889,1.13382492751,0.666519315908,0.836530522441,0.846653810154,0.668167148689,0.408060793608,2.33450767858,3.06977503871,0.374472237601,0.993665562073,2.48593763803,7.26995333306,3.03274315402,2.58800977916,0.893674218299,0.680565548556,NA,NA,0.508812431059,3.94819849064,0.816042837815
1,0,0,0,0,1,0,0,0,240,2.47881487753,3.02537384923,0.506969446518,3.72488609567,2.99684455788,2.04306006554,0.983572366909,0.250615334806,0.72716254822,1.52596483679,1.0658341116,0.981318315964,0.514640035228,1.35375499839,0.252159967266,0.87242075638,2.89101205213,2.41690074821,1.02409106343,0.449445001655,0.370665725161,0.577701386293,1.24773422474,1.32437849005,0.274384114596,1.14293900502,0.652138921158,0.866649580923,0.855051408143,0.661873968651,0.418724809942,2.31048379132,0.998446112276,0.423668800567,0.958192291703,2.63799316248,6.57898015459,2.80973137493,2.39847817057,0.972719912457,0.778423457666,NA,NA,0.464114644575,4.06318232288,0.825593105844
1,0,0,0,0,0,1,0,0,240,2.85659671083,3.88096714603,0.605349346598,4.97395657951,3.8169792154,2.33849032914,0.965710693973,0.222537725044,0.803127930638,1.6199832452,0.921813719267,1.08682581239,0.476179681152,1.31844975004,0.260452347628,0.872151177826,3.54627030876,3.08880804587,0.958490700888,0.521897476638,0.349729388385,0.716522022256,2.11865709601,1.32976533482,0.259554137509,0.891489511823,0.61970768636,0.894887994887,0.719442299194,0.676945297058,0.430657987039,2.38724706598,3.38790784064,0.463328836379,0.968975755137,2.8118833039,8.86473791087,2.89115959151,2.3336757612,0.771569233212,0.612607849189,NA,NA,0.602779982997,4.51980387468,0.646837738648
1,0,0,0,0,0,0,1,0,240,2.95249962618,4.05986125691,0.541834476606,7.65759293443,5.3333204143,1.89099066367,1.00027361491,0.24373922841,0.769097880136,1.56712714976,0.971772091,1.03427385283,0.462983217176,1.23932852513,0.243397707568,0.912582287277,4.20455226215,3.36483540195,0.999748786253,1.19176942305,0.348377312239,0.64595517361,1.33133857053,1.25145872159,0.292751259739,0.967337135407,0.626730264642,0.88538374731,0.86872434745,0.725630536478,0.410494403955,2.39545978421,0.920437773148,0.432165708058,1.05043768075,2.57194496272,10.0584634821,2.92059064354,2.6806974199,0.836996107932,0.672546344796,NA,NA,0.545636314827,4.92595948293,0.696597427974
1,0,0,0,0,0,0,0,1,240,2.85707590683,3.82877890774,0.413339596397,4.12854446709,2.93619351874,2.01446885268,0.988631400465,0.228706874059,0.709100269526,1.07738558196,1.02290608036,1.03283213777,0.496271142966,1.37597016465,0.214632987853,0.88350539294,3.52126299388,2.9284118314,0.974877253072,0.451550267064,0.385848284031,0.538115323981,1.16714773922,1.1812330162,0.267653188224,0.770665401099,0.636392687309,0.85908351849,0.873160557178,0.689954761473,0.396311868025,2.23921977834,4.25570975509,0.364400291339,0.965539842499,2.39659281196,9.49711197234,2.40713191053,1.70375276135,0.628068698348,0.560878909303,NA,NA,0.549536207252,4.38954572078,0.723276494546
